{"cameraMode":{"drawMode":0,"name":"Shaded","section":"Shading Mode"},"sceneLighting":false,"audioPlay":false,"sceneViewState":{"showFog":true,"showMaterialUpdate":true,"showSkybox":true,"showFlares":true,"showImageEffects":true,"showParticleSystems":true},"in2DMode":false,"pivot":{"x":-10.375831604003907,"y":1.7463984489440919,"z":36.370628356933597},"rotation":{"x":0.10723497718572617,"y":0.2057361900806427,"z":-0.022689426317811014,"w":0.9724497199058533},"size":10.0,"orthographic":false}