{"cameraMode":{"drawMode":0,"name":"Shaded","section":"Shading Mode"},"sceneLighting":false,"audioPlay":false,"sceneViewState":{"showFog":true,"showMaterialUpdate":true,"showSkybox":true,"showFlares":true,"showImageEffects":true,"showParticleSystems":true},"in2DMode":false,"pivot":{"x":0.3033336400985718,"y":2.8439977169036867,"z":0.13822150230407716},"rotation":{"x":-0.03514432907104492,"y":-0.9623062610626221,"z":0.15166909992694856,"w":-0.22299791872501374},"size":4.513518333435059,"orthographic":false}