{"cameraMode":{"drawMode":0,"name":"Shaded","section":"Shading Mode"},"sceneLighting":false,"audioPlay":false,"sceneViewState":{"showFog":true,"showMaterialUpdate":true,"showSkybox":true,"showFlares":true,"showImageEffects":true,"showParticleSystems":true},"in2DMode":false,"pivot":{"x":2.484102249145508,"y":1.2723727226257325,"z":0.3633608818054199},"rotation":{"x":-0.005367403384298086,"y":0.9939075112342835,"z":-0.0945337638258934,"w":-0.05641349032521248},"size":22.0,"orthographic":false}