{"cameraMode":{"drawMode":0,"name":"Shaded","section":"Shading Mode"},"sceneLighting":false,"audioPlay":false,"sceneViewState":{"showFog":true,"showMaterialUpdate":true,"showSkybox":true,"showFlares":true,"showImageEffects":true,"showParticleSystems":true},"in2DMode":false,"pivot":{"x":3.1381876468658449,"y":2.504042863845825,"z":-1.7821499109268189},"rotation":{"x":-0.019495446234941484,"y":-0.8633295893669128,"z":0.03345676511526108,"w":-0.5031526684761047},"size":5.062510967254639,"orthographic":false}