{"cameraMode":{"drawMode":0,"name":"Shaded","section":"Shading Mode"},"sceneLighting":false,"audioPlay":false,"sceneViewState":{"showFog":true,"showMaterialUpdate":true,"showSkybox":true,"showFlares":true,"showImageEffects":true,"showParticleSystems":true},"in2DMode":false,"pivot":{"x":4.318562984466553,"y":2.7458410263061525,"z":0.78578120470047},"rotation":{"x":-0.021784787997603418,"y":-0.7284395694732666,"z":0.023191802203655244,"w":-0.6843708753585815},"size":5.062510967254639,"orthographic":false}