{"cameraMode":{"drawMode":0,"name":"Shaded","section":"Shading Mode"},"sceneLighting":false,"audioPlay":false,"sceneViewState":{"showFog":true,"showMaterialUpdate":true,"showSkybox":true,"showFlares":true,"showImageEffects":true,"showParticleSystems":true},"in2DMode":false,"pivot":{"x":-27.811891555786134,"y":3.6055188179016115,"z":38.98150634765625},"rotation":{"x":0.0694575160741806,"y":-0.19120663404464723,"z":0.013562723994255066,"w":0.9789952635765076},"size":10.0,"orthographic":false}